,position,assignment
0,1,neutral
1,2,neutral
2,3,neutral
3,4,neutral
4,5,rheostat
5,6,neutral
6,7,rheostat
7,8,neutral
8,9,neutral
9,10,adverse
10,11,neutral
11,12,rheostat
12,13,neutral
13,14,neutral
14,15,neutral
15,16,neutral
16,17,neutral
17,18,neutral
18,19,neutral
19,20,neutral
20,21,moderate
21,22,neutral
22,23,neutral
23,24,neutral
24,25,neutral
25,26,neutral
26,27,toggle
27,28,rheostat
28,29,neutral
29,30,neutral
30,31,moderate
31,32,toggle
32,33,neutral
33,34,rheostat
34,35,adverse
35,36,neutral
36,37,neutral
37,38,neutral
38,39,neutral
39,40,neutral
40,41,neutral
41,42,neutral
42,43,neutral
43,44,neutral
44,45,neutral
45,46,rheostat
46,47,neutral
47,48,neutral
48,49,neutral
49,50,rheostat
50,51,neutral
51,52,neutral
52,53,neutral
53,54,neutral
54,55,rheostat
55,56,rheostat
56,57,rheostat
57,58,neutral
58,59,neutral
59,60,neutral
60,61,neutral
61,62,neutral
62,63,neutral
63,64,neutral
64,65,neutral
65,66,neutral
66,67,neutral
67,68,neutral
68,69,neutral
69,70,neutral
70,71,neutral
71,72,toggle
72,73,rheostat
73,74,rheostat
74,75,neutral
75,76,rheostat
76,77,neutral
77,78,neutral
78,79,toggle
79,80,rheostat
80,81,neutral
81,82,rheostat
82,83,toggle
83,84,rheostat
84,85,neutral
85,86,rheostat
86,87,rheostat
87,88,neutral
88,89,neutral
89,90,toggle
90,91,rheostat
91,92,neutral
92,93,toggle
93,94,neutral
94,95,toggle
95,96,moderate
96,97,neutral
97,98,rheostat
98,99,neutral
99,100,rheostat
100,101,toggle
101,102,rheostat
102,103,toggle
103,104,toggle
104,105,moderate
105,106,adverse
106,107,rheostat
107,108,toggle
108,109,toggle
109,110,toggle
110,111,toggle
111,112,toggle
112,113,toggle
113,114,toggle
114,115,toggle
115,116,adverse
116,117,toggle
117,118,toggle
118,119,adverse
119,120,adverse
120,121,toggle
121,122,rheostat
122,123,toggle
123,124,rheostat
124,125,toggle
125,126,neutral
126,127,toggle
127,128,neutral
128,129,rheostat
129,130,toggle
130,131,toggle
131,132,toggle
132,133,neutral
133,134,neutral
134,135,moderate
135,136,rheostat
136,137,neutral
137,138,neutral
138,139,adverse
139,140,neutral
140,141,neutral
141,142,toggle
142,143,neutral
143,144,toggle
144,145,rheostat
145,146,neutral
146,147,toggle
147,148,adverse
148,149,toggle
149,150,toggle
150,151,adverse
151,152,toggle
152,153,toggle
153,154,toggle
154,155,rheostat
155,156,rheostat
156,157,toggle
157,158,neutral
158,159,toggle
159,160,toggle
160,161,rheostat
161,162,rheostat
162,163,toggle
163,164,toggle
164,165,rheostat
165,166,toggle
166,167,rheostat
167,168,adverse
168,169,toggle
169,170,neutral
170,171,neutral
171,172,toggle
172,173,toggle
173,174,neutral
174,175,rheostat
175,176,toggle
176,177,rheostat
177,178,toggle
178,179,neutral
179,180,neutral
180,181,rheostat
181,182,moderate
182,183,toggle
183,184,rheostat
184,185,rheostat
185,186,neutral
186,187,rheostat
187,188,neutral
188,189,toggle
189,190,neutral
190,191,neutral
191,192,toggle
192,193,toggle
193,194,neutral
194,195,neutral
195,196,neutral
196,197,neutral
197,198,neutral
198,199,neutral
199,200,neutral
200,201,toggle
201,202,neutral
202,203,neutral
203,204,toggle
204,205,toggle
205,206,rheostat
206,207,rheostat
207,208,neutral
208,209,toggle
209,210,moderate
210,211,toggle
211,212,toggle
212,213,toggle
213,214,rheostat
214,215,neutral
215,216,rheostat
216,217,rheostat
217,218,neutral
218,219,toggle
219,220,rheostat
220,221,neutral
221,222,neutral
222,223,neutral
223,224,toggle
224,225,neutral
225,226,toggle
226,227,toggle
227,228,neutral
228,229,neutral
229,230,adverse
230,231,neutral
231,232,neutral
232,233,moderate
233,234,toggle
234,235,rheostat
235,236,neutral
236,237,toggle
237,238,neutral
238,239,toggle
239,240,rheostat
240,241,toggle
241,242,toggle
242,243,toggle
243,244,toggle
244,245,toggle
245,246,rheostat
246,247,neutral
247,248,toggle
248,249,neutral
249,250,neutral
250,251,adverse
251,252,neutral
252,253,toggle
253,254,neutral
254,255,neutral
255,256,rheostat
256,257,rheostat
257,258,toggle
258,259,rheostat
259,260,toggle
260,261,toggle
261,262,rheostat
262,263,rheostat
263,264,toggle
264,265,neutral
265,266,rheostat
266,267,neutral
267,268,neutral
268,269,neutral
269,270,neutral
270,271,toggle
271,272,toggle
272,273,toggle
273,274,rheostat
274,275,toggle
275,276,toggle
276,277,rheostat
277,278,rheostat
278,279,neutral
279,280,rheostat
280,281,neutral
281,282,toggle
282,283,moderate
283,284,rheostat
284,285,toggle
285,286,toggle
286,287,toggle
287,288,rheostat
288,289,neutral
289,290,neutral
290,291,neutral
291,292,neutral
292,293,neutral
293,294,neutral
294,295,neutral
295,296,toggle
296,297,neutral
297,298,toggle
298,299,neutral
299,300,toggle
300,301,toggle
301,302,toggle
302,303,toggle
303,304,toggle
304,305,toggle
305,306,neutral
306,307,rheostat
307,308,neutral
308,309,neutral
309,310,rheostat
310,311,neutral
311,312,neutral
312,313,neutral
313,314,neutral
314,315,neutral
