,position,assignment
0,1,neutral
1,2,neutral
2,3,neutral
3,4,neutral
4,5,rheostat
5,6,neutral
6,7,rheostat
7,8,neutral
8,9,neutral
9,10,toggle
10,11,neutral
11,12,toggle
12,13,neutral
13,14,neutral
14,15,neutral
15,16,neutral
16,17,neutral
17,18,neutral
18,19,neutral
19,20,neutral
20,21,rheostat
21,22,neutral
22,23,neutral
23,24,neutral
24,25,neutral
25,26,neutral
26,27,toggle
27,28,rheostat
28,29,neutral
29,30,neutral
30,31,adverse
31,32,toggle
32,33,neutral
33,34,rheostat
34,35,toggle
35,36,neutral
36,37,neutral
37,38,rheostat
38,39,neutral
39,40,neutral
40,41,rheostat
41,42,neutral
42,43,neutral
43,44,neutral
44,45,neutral
45,46,toggle
46,47,neutral
47,48,neutral
48,49,neutral
49,50,toggle
50,51,neutral
51,52,neutral
52,53,neutral
53,54,rheostat
54,55,toggle
55,56,rheostat
56,57,rheostat
57,58,neutral
58,59,neutral
59,60,neutral
60,61,neutral
61,62,neutral
62,63,neutral
63,64,neutral
64,65,neutral
65,66,neutral
66,67,neutral
67,68,neutral
68,69,neutral
69,70,neutral
70,71,neutral
71,72,toggle
72,73,rheostat
73,74,rheostat
74,75,neutral
75,76,toggle
76,77,neutral
77,78,neutral
78,79,toggle
79,80,rheostat
80,81,neutral
81,82,toggle
82,83,toggle
83,84,rheostat
84,85,neutral
85,86,rheostat
86,87,toggle
87,88,neutral
88,89,neutral
89,90,toggle
90,91,neutral
91,92,neutral
92,93,toggle
93,94,neutral
94,95,toggle
95,96,neutral
96,97,neutral
97,98,neutral
98,99,neutral
99,100,toggle
100,101,rheostat
101,102,rheostat
102,103,toggle
103,104,toggle
104,105,neutral
105,106,neutral
106,107,rheostat
107,108,rheostat
108,109,rheostat
109,110,toggle
110,111,rheostat
111,112,adverse
112,113,toggle
113,114,rheostat
114,115,neutral
115,116,rheostat
116,117,adverse
117,118,toggle
118,119,rheostat
119,120,rheostat
120,121,toggle
121,122,toggle
122,123,rheostat
123,124,rheostat
124,125,rheostat
125,126,neutral
126,127,toggle
127,128,neutral
128,129,rheostat
129,130,toggle
130,131,toggle
131,132,toggle
132,133,rheostat
133,134,neutral
134,135,rheostat
135,136,rheostat
136,137,neutral
137,138,neutral
138,139,rheostat
139,140,neutral
140,141,neutral
141,142,toggle
142,143,neutral
143,144,toggle
144,145,rheostat
145,146,neutral
146,147,toggle
147,148,toggle
148,149,toggle
149,150,toggle
150,151,rheostat
151,152,toggle
152,153,toggle
153,154,toggle
154,155,rheostat
155,156,rheostat
156,157,toggle
157,158,neutral
158,159,toggle
159,160,toggle
160,161,rheostat
161,162,neutral
162,163,rheostat
163,164,neutral
164,165,rheostat
165,166,rheostat
166,167,rheostat
167,168,toggle
168,169,toggle
169,170,neutral
170,171,neutral
171,172,toggle
172,173,toggle
173,174,neutral
174,175,adverse
175,176,toggle
176,177,neutral
177,178,adverse
178,179,neutral
179,180,neutral
180,181,rheostat
181,182,neutral
182,183,neutral
183,184,rheostat
184,185,neutral
185,186,neutral
186,187,neutral
187,188,neutral
188,189,toggle
189,190,neutral
190,191,neutral
191,192,toggle
192,193,adverse
193,194,neutral
194,195,neutral
195,196,neutral
196,197,neutral
197,198,neutral
198,199,neutral
199,200,neutral
200,201,rheostat
201,202,neutral
202,203,neutral
203,204,toggle
204,205,rheostat
205,206,neutral
206,207,neutral
207,208,neutral
208,209,rheostat
209,210,neutral
210,211,rheostat
211,212,rheostat
212,213,rheostat
213,214,rheostat
214,215,neutral
215,216,rheostat
216,217,rheostat
217,218,neutral
218,219,toggle
219,220,rheostat
220,221,neutral
221,222,neutral
222,223,neutral
223,224,toggle
224,225,neutral
225,226,toggle
226,227,toggle
227,228,neutral
228,229,neutral
229,230,rheostat
230,231,neutral
231,232,neutral
232,233,neutral
233,234,rheostat
234,235,neutral
235,236,neutral
236,237,toggle
237,238,neutral
238,239,toggle
239,240,rheostat
240,241,rheostat
241,242,rheostat
242,243,rheostat
243,244,rheostat
244,245,rheostat
245,246,rheostat
246,247,neutral
247,248,rheostat
248,249,neutral
249,250,neutral
250,251,neutral
251,252,neutral
252,253,rheostat
253,254,neutral
254,255,neutral
255,256,rheostat
256,257,neutral
257,258,adverse
258,259,neutral
259,260,toggle
260,261,toggle
261,262,rheostat
262,263,rheostat
263,264,neutral
264,265,neutral
265,266,neutral
266,267,neutral
267,268,neutral
268,269,neutral
269,270,neutral
270,271,neutral
271,272,rheostat
272,273,rheostat
273,274,rheostat
274,275,rheostat
275,276,rheostat
276,277,neutral
277,278,rheostat
278,279,neutral
279,280,toggle
280,281,neutral
281,282,rheostat
282,283,neutral
283,284,neutral
284,285,neutral
285,286,rheostat
286,287,toggle
287,288,neutral
288,289,neutral
289,290,neutral
290,291,neutral
291,292,neutral
292,293,neutral
293,294,neutral
294,295,neutral
295,296,rheostat
296,297,neutral
297,298,rheostat
298,299,neutral
299,300,rheostat
300,301,rheostat
301,302,rheostat
302,303,rheostat
303,304,rheostat
304,305,adverse
305,306,neutral
306,307,neutral
307,308,neutral
308,309,neutral
309,310,rheostat
310,311,neutral
311,312,neutral
312,313,neutral
313,314,neutral
314,315,neutral
